{
    "rmse": 0.6663050992064162,
    "mae": 0.5228253092938516,
    "r2_score": 0.273354089400594
}